,scPagwas.gPAS.score,CellScalepValue,scPagwas.TRS.Score1
P4TLH_CGTGTCTTCTCCGGTT_1,105.523728528771,0.359142277620991,0.397675181024127
P2TLH_CGTAGCGAGTTGCAGG_1,24.4382485115656,0.998170330871665,0.288358190637302
P4TLH_GTTACAGCATCACAAC_1,-2.57044011253943,0.996313031864772,0.328634825769464
P2TLH_AGAGCTTTCAGGTAAA_1,16.9813856549939,0.999995216812182,0.274417054594573
P3TLH_GTGGGTCCAGCTCGCA_1,34.0635971476313,0.00775957473493122,0.443651569557912
P2TLH_GGGTTGCGTTCTCATT_1,24.320226653855,0.114235442681474,0.416962366805695
P2TLH_TATGCCCAGAGTCTGG_1,93.4752492217768,5.81168080137351e-121,1.02178819946469
P5TLH_GTTCATTGTTCACGGC_1,22.6154287878015,0.999999999999424,0.214193363281561
P5TLH_CCAGCGACATAGAAAC_1,33.2972442257562,0.0577801477885511,0.282120147698845
P2TLH_CAGATCAAGCGTCTAT_1,146.892967495598,1.41059484834309e-23,0.515834619670031
P4TLH_CTGTGCTGTTATGTGC_1,19.3875525955959,0.999999999999953,0.142262746689744
P5TLH_CTCGAAACAAGACGTG_1,161.539320389156,2.49426013480412e-32,0.345657140050479
P2TLH_AACTCTTGTGTTTGTG_1,16.4579643500353,0.807124681156928,0.330210417009701
P1TLH_AACTCAGAGGCGTACA_1,5.2071207287304,0.999989229364949,0.197129132480408
P2TLH_AGAGCGATCAAACCAC_1,32.506706984454,0.971281567987959,0.350204718288399
P2TLH_TTGTAGGTCCGCGTTT_1,65.758200132664,0.983333340637016,0.289047017112289
P4TLH_GTAACGTCAATCCGAT_1,21.0501423433235,0.999204428210751,0.173758081943331
P2TLH_CAAGGCCCACCGCTAG_1,28.9552964554731,0.583855386668852,0.374363608683159
P2TLH_AGATCTGGTACAGTGG_1,31.7519176279758,0.998706610861191,0.333069087845801
P4TLH_CGGACACGTCATCGGC_1,-0.527922507273383,0.999999999999593,0.1656277480438
P5TLH_CTAGCCTAGTCAAGCG_1,35.3988381543482,0.322238925663413,0.383107470093801
P2TLH_CTAGCCTCAGAGCCAA_1,16.1102514311482,0.999999999413176,0.201329894508523
P2TLH_TAGAGCTAGGGCTTCC_1,251.922115281765,0,1.12155378304922
P4TLH_TGTGTTTAGATTACCC_1,22.2542774437761,0.975798800819003,0.266840111939933
P5TLH_CTAGCCTAGTACGATA_1,271.110496150066,0,1.52900273968784
P1TLH_CCACCTAAGGCAGTCA_1,4.39421002688676,0.994653553996196,0.259714839169175
P4TLH_CCGTACTAGTGCGATG_1,39.7367473331374,0.056349987330319,0.376229541755054
P5TLH_ATCACGATCTAAGCCA_1,18.6119174712298,0.308670974092362,0.242606871497424
P2TLH_ATCATGGAGCTAAACA_1,45.8935819344449,3.73150693186192e-12,0.460157855989827
P5TLH_CGCGGTAAGAAACGCC_1,31.1231095268337,0.851882837124422,0.275622508882117
P5TLH_TCGTACCCAGCTTAAC_1,61.149492652733,0.469843266601893,0.332467472416892
P4TLH_CAGCGACCACATGACT_1,21.103245057624,0.756296062430358,0.319142339139704
P5TLH_TGACTTTCATGTAGTC_1,18.7354408259321,0.95311617902293,0.277232358936919
P4TLH_TACCTTAGTCCTCTTG_1,21.9991966454252,0.970139299439146,0.33288627033837
P2TLH_CTAACTTGTGCGATAG_1,31.2518660309471,0.951722565356296,0.354291690095258
P2TLH_AAGACCTAGAGCTGCA_1,29.5887002429093,0.0232914015602715,0.478597954011517
P2TLH_CTCGGAGTCGCCAGCA_1,27.5507790997161,0.906424885612239,0.361448761283757
P3TLH_TCAACGAGTCCGAAGA_1,18.3011517131161,0.999971056111906,0.277721249796423
P1TLH_CTGCTGTAGCAATCTC_1,8.70930809874929,0.870492889869508,0.222466788988832
P5TLH_CCAGCGATCGGAGGTA_1,23.1236269683693,0.0155892843431816,0.349869845086834
P3TLH_TGGACGCAGCGAAGGG_1,5.25131897992756,0.998549273957372,0.275026214815731
P2TLH_AGGGATGAGGATGGTC_1,28.4549129368734,0.37973363470249,0.418961723398083
P5TLH_ACGCCGAAGAAACCGC_1,45.1252813965322,9.01591872943933e-11,0.695169756516167
P2TLH_CATGGCGAGTACCGGA_1,-0.232039692301089,0.999998239641,0.282537485125574
P2TLH_CACTCCACAGACGCCT_1,9.6803181712335,0.999999999999689,0.200790797571965
P1TLH_TCACGAATCGGCCGAT_1,8.68271945663201,0.959393782716369,0.223395138476508
P1TLH_GGTATTGAGCTCCTCT_1,-24.6331076170069,0.999994242491814,0.194423453213205
P5TLH_TCTTCGGCAGTTCATG_1,39.5747641852953,0.000405791354691009,0.356709007489961
P2TLH_AGTAGTCCAAGCTGAG_1,31.8447303025284,0.1260153761995,0.47377593573528
P5TLH_CTCGAAATCCGGCACA_1,13.8602261320678,0.999929485121689,0.319077034174799
P2TLH_TCTGAGATCTTGGGTA_1,19.4937288881903,0.999212871768378,0.28111781262935
P2TLH_GAAACTCGTGCACCAC_1,21.0154936570825,0.995392647280163,0.313926918431427
P3TLH_TTGCGTCCAAACGTGG_1,23.3362194718106,0.841280266983659,0.355678261769373
P3TLH_ACGGCCAGTCGCCATG_1,9.57917935236277,0.920021435956064,0.322006420291526
P5TLH_CGAGCCATCTGAAAGA_1,29.5345556505429,0.795229614686467,0.418813798230755
P4TLH_CACATAGAGCTAGCCC_1,28.2253882691644,0.921380851422065,0.370009050806719
P3TLH_CTCGTACGTTAAGGGC_1,46.3930914407961,0.0262936760463822,0.520389780622289
P2TLH_AACTCAGCACCAGATT_1,49.0953738987611,0.999993331644974,0.249732680595996
P4TLH_TTTATGCGTCACAAGG_1,13.994361840677,0.999995950940884,0.200552923001881
P5TLH_AGCTTGAAGCGTTTAC_1,4.41031427306335,0.999999999971723,0.0792021248945096
P5TLH_ACTTGTTAGAGGACGG_1,27.4628592642856,0.990483381210104,0.373682489274668
P2TLH_ATCCGAAGTCGCGGTT_1,0.658649127078118,0.999999999999925,0.147533705001198
P2TLH_TGCGTGGGTACCGAGA_1,33.1451095047957,0.0847225156681491,0.44722168500109
P1TLH_GATCAGTCACGAGAGT_1,14.5501838347285,0.850107743659243,0.259723917566773
P2TLH_CCTTACGGTCAGGACA_1,50.8766700593713,5.19935015866359e-28,0.751770956706802
P5TLH_TGCCCTAAGTGTCCAT_1,67.8298082334771,0.787342401552085,0.398785088945213
P5TLH_GAGTCCGAGCTTCGCG_1,13.0709566927392,0.999762771036393,0.252227498348318
P5TLH_TGAGCCGCAGGAATCG_1,95.1153250495386,0.954709590834188,0.350253591936391
P4TLH_GACGTTAAGGATGTAT_1,52.1951958020629,0.994968792318802,0.225288188002827
P4TLH_TAAGAGACAGCTTCGG_1,32.1499028537541,0.982379921582575,0.377203016599468
P2TLH_GTATCTTGTAGGAGTC_1,13.9261807305316,0.24776480898205,0.397419830495504
P2TLH_CAGAGAGGTTGCCTCT_1,31.8348919202235,0.00177955063754253,0.462469964494981
P5TLH_CAGGTGCGTAGCGCTC_1,15.2011180008656,0.999990805588196,0.258875073428595
P2TLH_TAAACCGTCCTTGCCA_1,24.1020120430977,0.626872817836139,0.388797599234255
P5TLH_CATCAAGGTTTGGGCC_1,45.1509513725632,0.710078861986394,0.330646372886339
P1TLH_TGGCGCATCCGGCACA_1,11.0317337135305,0.999978423775348,0.292143729177442
P5TLH_AGAGCGACAAAGCGGT_1,19.5961032755635,6.89122239397283e-07,0.416572457466728
P3TLH_TTTGTCATCTTACCGC_1,29.4049650569,0.298033222124391,0.409596942752006
P1TLH_CACACTCAGATACACA_1,15.4679657873768,0.997599686191986,0.259299664791509
P5TLH_GAACCTAAGACTGGGT_1,22.01092844598,0.996914894789075,0.281213027417613
P1TLH_ACATGGTCACATGACT_1,-0.0371046015550402,0.999999669212079,0.21262832569284
P1TLH_TGACTTTGTGAAAGAG_1,8.97806535641125,0.999957949484219,0.218229403466186
P4TLH_TCTGAGACATACCATG_1,26.7550183753442,7.26527426780269e-05,0.399777909902846
P5TLH_CTCGTCACAAGCGATG_1,6.03109569081761,0.99999999996709,0.0917479359919746
P5TLH_CCTACACAGACAAGCC_1,20.0126137245927,0.0553804776429863,0.323732846304513
P5TLH_CGACCTTCAGCCTTTC_1,19.9752634609201,0.999761642497549,0.304260404384094
P3TLH_TCCACACCAGTATAAG_1,18.5596169290716,0.99999999997341,0.193273642978354
P4TLH_GGGTTGCCAAAGAATC_1,41.4272030645237,0.0955556352434641,0.471012965452848
P4TLH_CGCTATCGTCGAACAG_1,18.8874927471167,0.999996021114047,0.217371490514608
P2TLH_GGTGTTACACAAGCCC_1,26.9614027345163,0.892362805043428,0.306495366599414
P1TLH_AGGGAGTCATCCCATC_1,15.9443872780415,0.999828973064175,0.235231063719998
P2TLH_GTTACAGCAAGTAGTA_1,25.5749776269717,0.575389329539652,0.405689677057201
P2TLH_TGAGAGGAGTGTCCAT_1,32.3433114985349,0.993295535723581,0.336345943416858
P4TLH_GCGCAGTAGGGCATGT_1,40.2277134363522,0.947914785537824,0.263533318641945
P2TLH_ACGTCAATCTGTCTAT_1,31.8010938074391,0.871703490411949,0.352454905037981
P5TLH_AACTTTCTCTTATCTG_1,10.2882828550983,0.824116672010281,0.263898378668138
P5TLH_AAAGCAAGTGTCAATC_1,18.6083382321327,0.987052561844272,0.298613634841448
P2TLH_GACGTGCTCACTCTTA_1,26.8330438376383,0.897409976587691,0.335515967913715
P4TLH_CCTAGCTCACAGGAGT_1,53.2285916428955,0.00967132592323963,0.407728730094183
P4TLH_GCACATAAGGGAAACA_1,50.160013230896,6.4733573058545e-15,0.573605971967094
P5TLH_TGGCTGGCAAGGTTTC_1,271.110496150066,0,0.525180494469455
P3TLH_ACGCAGCAGAACAATC_1,15.7524091980095,0.999496656490011,0.265752739940342
P4TLH_CGTAGGCTCATCTGCC_1,90.4080143573936,0.0259634940303109,0.496440896440612
P5TLH_GCTCCTACATTAGCCA_1,19.3445593927246,0.999999940660567,0.245343735009078
P2TLH_CTTAACTCACCTATCC_1,30.7959433002374,0.790090598492196,0.334296960532125
P5TLH_TACTCGCGTGTCTGAT_1,29.8138761062853,0.894202161865475,0.413623125709543
P5TLH_GATGAGGGTACCGAGA_1,25.9582420075933,0.00786227693815748,0.384535861519636
P2TLH_CCGGGATAGAGAGCTC_1,1.88964907006552,0.999999999971631,0.182856412537023
P3TLH_CCTCTGAGTAACGCGA_1,10.7848258496753,0.999632339985215,0.266403085965045
P2TLH_GCGCCAATCTACTCAT_1,43.3124073991559,0.610587031229598,0.375052269429361
P5TLH_ATGTGTGTCACTGGGC_1,12.9310345964108,0.999997122589698,0.0985674774931767
P2TLH_TCATTACAGCTCAACT_1,35.0381837460852,0.984971868043325,0.261200815255907
P2TLH_GTCGGGTCAGCGTTCG_1,32.3624153037461,0.00154519752324668,0.452226059960869
P5TLH_CCTCAGTTCTCCAGGG_1,7.26746230574788,1,0.0677304165363281
P5TLH_GCAGCCATCAGCTTAG_1,10.2732286472602,0.999983259612297,0.135525149418674
P4TLH_TGACTAGCACGTGAGA_1,58.6014575593449,0.104922936128152,0.351788730540857
P5TLH_GCGCGATAGGCTCTTA_1,20.2040076354006,0.0478241838693348,0.303615383892523
P4TLH_CACAGTAAGAGGGCTT_1,29.4315447964776,0.97863543237804,0.317589680526963
P2TLH_AGCGTATCAACGATCT_1,30.7605232206931,0.00628992975366532,0.485459464041892
P4TLH_TAGTGGTTCATTCACT_1,23.0342521064849,0.787631530261104,0.276871626654468
P5TLH_GCAGCCATCACCGTAA_1,21.8731638256588,0.999924649484415,0.240333134044577
P4TLH_TACTTGTCACAAGTAA_1,11.2738967604582,0.98748887092479,0.348196858042022
P2TLH_GTAGGCCAGGATCGCA_1,2.36304449080101,0.999848375030778,0.296691318348117
P2TLH_CTAGAGTTCTTGTCAT_1,27.6023243461482,3.35907302508173e-07,0.559399172151705
P2TLH_CATATGGAGGATGGAA_1,24.8071561425769,0.291992856718884,0.419084786433935
P1TLH_CCTTTCTAGGCTCTTA_1,39.7809309276027,0.999999983125695,0.169203193675526
P5TLH_AGTGGGAAGTGTTTGC_1,16.736569430268,0.99583894272373,0.3488206691414
P5TLH_CAGTCCTTCCTCAACC_1,5.47413145316518,0.999999999998281,0.0781960781250119
P2TLH_TACTCATCAGGGCATA_1,130.857131516929,3.55915480138608e-26,0.4129733523268
P4TLH_AAGGCAGAGACAGGCT_1,57.788873599536,0.957802043086919,0.285917675442284
P4TLH_GTTCATTGTTTGACAC_1,21.8215947618211,0.682244571240264,0.359591754304859
P2TLH_GCGAGAAGTTCCCTTG_1,-2.17653315822125,0.999999998978124,0.199905236115795
P2TLH_AGACGTTGTCACACGC_1,37.3260827563291,0.0180141661976919,0.464880045357101
P4TLH_CATGCCTAGAGACTAT_1,24.5976433981693,0.992302825627135,0.318648690727447
P5TLH_GCTTGAAGTCAAAGAT_1,28.378874023485,0.153755943968763,0.333906115182044
P1TLH_ACGGAGATCTATCGCC_1,17.3194937736079,0.999999999350214,0.170691820022846
P3TLH_AGTGTCAGTATTAGCC_1,128.790523116236,3.7685722618803e-270,0.908727678768904
P4TLH_CGAGCACTCTCTGCTG_1,61.9933365335271,0.763242876063069,0.368324739248105
P2TLH_GCAAACTAGGCCCTCA_1,32.4646572743586,0.682973645372935,0.394136362863566
P5TLH_TGTTCCGCACCATGTA_1,75.6271298679984,0.0519423733654841,0.437874529887914
P3TLH_TCCACACCATGTTCCC_1,22.8547094551108,0.939358145423489,0.367773087243677
P3TLH_TTAGGCATCTGCGGCA_1,52.169715212683,0.000550665797315123,0.415162092065841
P2TLH_ACAGCCGGTGGTAACG_1,52.2660033869209,0.0168551470220566,0.461871952566518
P5TLH_GTAGTCAGTTAGAACA_1,35.7843970050441,0.998313823230846,0.26176835747316
P5TLH_GCCAAATGTAGCCTAT_1,6.39784912384052,0.99999999999412,0.0961227949813629
P2TLH_ATGCGATCAAACCCAT_1,12.2187843673664,0.999999959697498,0.212860009433686
P3TLH_GCTTCCACAATCGAAA_1,8.82425273528543,0.999998854086534,0.231495021285194
P2TLH_TAGCCGGGTCCATGAT_1,36.4645735824379,0.98333780034427,0.407697881259404
P4TLH_AGAGTGGCATCAGTAC_1,4.29637708412639,0.99988795694067,0.232378772929106
P3TLH_ATGAGGGTCACTTATC_1,24.734101287682,0.937913637061088,0.291915777567167
P4TLH_CACACCTGTCGATTGT_1,18.2975819104725,0.926020783895531,0.294002444978947
P4TLH_ATTATCCCATGCCTAA_1,69.9782277840526,0.302930844916575,0.437449390578986
P4TLH_CTACCCATCCCACTTG_1,-24.6331076170069,0.998143508997673,0.322384965868409
P1TLH_CCTAAAGGTCGAGATG_1,15.3742480627261,0.999859050875669,0.165088347524016
P5TLH_CATGGCGGTAGTAGTA_1,23.2762018771735,0.507594816169275,0.392999569053422
P2TLH_CCTTCCCAGTGCGATG_1,50.73670700206,0.192180133772182,0.414468462439287
P2TLH_GACGCGTGTGTGACGA_1,26.2727171449062,0.92119795046642,0.381402889367727
P3TLH_TGAAAGATCTCGATGA_1,21.4550631517925,0.99596124839,0.329237653895498
P2TLH_GTTAAGCGTAGGCTGA_1,28.4998493536806,0.997314492861682,0.351901718175962
P5TLH_TGCCCATCACGCCAGT_1,21.0837750455864,0.999524391340151,0.262135322902604
P4TLH_CCTTCGAAGTCAATAG_1,59.7165241557118,0.994290011148604,0.38252814608685
P2TLH_TGCGCAGGTACCTACA_1,26.6550876679114,0.255271019258088,0.394493680516438
P1TLH_TCAACGATCTCGATGA_1,55.482820630351,0.999971409845432,0.187308410656732
P2TLH_ACGAGGAGTAAATGAC_1,50.3279705146627,4.41759202679522e-09,0.595063618666726
P2TLH_GTTACAGGTTCCCGAG_1,17.3000618479135,0.999999979933886,0.207706055339519
P5TLH_GCGGGTTAGCTACCTA_1,-9.13178032302202,0.999999999999965,0.156749303446594
P5TLH_CCTTACGGTTCAGACT_1,52.534060374641,0.995645498769002,0.228503114319242
P2TLH_TACTTGTCAACAACCT_1,83.4282165006404,1.16190514492906e-140,1.30992716851907
P4TLH_AACTCTTGTGCTAGCC_1,23.1985092468462,0.835073843751631,0.41462668539543
P2TLH_GTCCTCAGTCATATCG_1,23.073997845172,0.998374169667458,0.261783505894915
P3TLH_CATATGGTCTCTGTCG_1,27.4885081597312,0.999861692621805,0.230173837408045
P5TLH_GTCATTTGTTATCCGA_1,17.4802821935306,0.999999998433667,0.221850682953526
P2TLH_GGCCGATCAGCTATTG_1,100.078586274618,3.05865586196075e-43,0.627086397190394
P4TLH_GACACGCCAAGTTGTC_1,30.7744743328784,0.322294008831084,0.40948974409619
P5TLH_TGACGGCAGTACGTTC_1,23.1841520786433,0.721216325080793,0.344273922361368
P3TLH_GATCGATAGGCCCTCA_1,28.2579110249747,0.703192834110632,0.379775313181501
P5TLH_AAGGTTCGTTTGTTGG_1,15.5664542595818,0.923403693355631,0.251969014109393
P1TLH_GACAGAGGTGTGGCTC_1,27.7247022684688,0.324373559311272,0.24526995876595
P1TLH_GCATGTATCGGTGTCG_1,70.5830138272051,0.999458758202705,0.197968626109441
P1TLH_ACAGCCGCATCGTCGG_1,13.7460091477206,0.999999999999649,0.0731109050426439
P2TLH_ATCGAGTAGTACGCCC_1,35.9368747229472,0.851104038743453,0.395231805725991
P2TLH_TATCTCAGTCTCATCC_1,15.1757571596736,0.999999999428066,0.162258377621101
P2TLH_TGCCCATCACGACGAA_1,14.7400502772109,0.64489472101494,0.389013646852537
P2TLH_TCGAGGCAGTTCCACA_1,37.7353497186301,0.00865829812747385,0.468483614612682
P5TLH_GTGTTAGTCTCGTATT_1,14.8564382940556,0.627533367137435,0.303065619722252
P5TLH_TGAGCCGCATCCGGGT_1,10.8373976984426,0.999999999999999,0.0821223494993205
P5TLH_GCTGCAGGTTAAGACA_1,17.4258189481325,0.994514663012834,0.217366115689354
P4TLH_GCTGGGTGTTGGGACA_1,42.9920444664129,0.905017960213345,0.28351899078607
P3TLH_AACTCTTCAGCTGCTG_1,41.9424106849093,1.1634002236347e-20,0.701456549947334
P3TLH_CCGGTAGGTTCTCATT_1,28.0011958292557,0.999054918528626,0.288655199729459
P2TLH_GTGTTAGAGGGCTCTC_1,22.1811348206887,0.685006576140192,0.384188768710358
P4TLH_GTAGTCACATTTGCTT_1,44.4193458484059,0.270534738673449,0.383033730348793
P5TLH_TTCGAAGGTACTTGAC_1,22.4992703166411,0.99052304590445,0.313213193827514
P1TLH_CGAGAAGGTTATGCGT_1,19.7590298332981,0.99983740774811,0.168397526800218
P3TLH_GGAATAAAGCAATATG_1,20.6155924023208,0.995841757872568,0.274432479231885
P5TLH_ATCATGGAGGCATGTG_1,26.9388696565686,0.0150308676955733,0.365509422545659
P2TLH_TTTATGCCACCACCAG_1,82.4070953045478,0.626611345963764,0.32188801649978
P5TLH_CGCCAAGGTCGGCTCA_1,14.4889054171758,0.497083800590702,0.293964180193989
P1TLH_GTGCGGTTCGGAAACG_1,18.7129238014442,0.993117225414098,0.196543856665155
P5TLH_GGGTCTGTCGATCCCT_1,14.9329490355414,0.952319113677264,0.234098509165954
P5TLH_TACTCATCATTCACTT_1,271.110496150066,1.35346043131156e-252,0.480818975700542
P4TLH_TCAGGTAAGGATGTAT_1,-24.6331076170069,0.820583271082748,0.360216405214872
P5TLH_GTTCGGGTCCGCTGTT_1,21.6178105346921,0.859450856682192,0.264151530075576
P1TLH_CGTGAGCTCAAACGGG_1,94.7235571521694,0.999970043931236,0.200670735109455
P5TLH_TCTCATAAGGCAATTA_1,16.8743090397188,0.712189888604812,0.272203231360922
P5TLH_TACGGGCGTATCGCAT_1,10.6709630029208,0.999999996656069,0.112513861147898
P4TLH_GAATAAGTCGGTGTTA_1,38.9222240559966,1.03216812502808e-05,0.382249702243617
P2TLH_GGGCATCGTGGCTCCA_1,28.863181260692,0.00332917583445594,0.464440064037299
