,Celltype1,Celltype2,Celltype3,Celltype4,Celltype5,Celltype6,Celltype7,Celltype8,Celltype9,Celltype10
hsa00010,0.957581127601715,0.991664146843354,1,0.999999995370002,0.999908810010246,0.833890101611155,0.9919016268659,0.999999999984204,0.753290359106964,0.998506479302805
hsa00020,0.947289979724322,0.742752965872586,0.962413408688309,0.999934881247039,0.757070922274156,0.386414996342224,0.952566821995086,0.80668403187356,0.759199689942432,0.945342760452382
hsa00030,0.0234273112663046,0.100366576721422,3.14513427749878e-37,0.995189949611583,0.0481622127879816,0.10752049127022,0.910384143267831,0.0031849532476569,0.466378803372043,0.333076603092423
hsa00051,0.997503095511076,0.914935360868013,1,0.998500708261059,0.999594085322879,0.827350175407384,0.492677987874735,0.999999999566737,0.852155295505171,0.984641636169233
hsa00052,0.997033037866621,0.903356112429226,1,0.999894351680654,0.983985569917197,0.704880649924901,0.983333660360869,0.999823025770142,0.929501620307111,0.999900593969709
hsa00140,0.242739198925166,0.460998590579993,1,0.994485573162687,0.952720685177459,0.555190419715296,0.295398438330509,0.999974008879008,0.468877219393574,0.70474827210492
hsa00190,1,0.999999999999998,1,1,1,0.996719654722763,0.999999999994763,0.999969083671492,1,0.999997452873456
hsa00230,0.321338117788252,0.143865400527951,0.999999999953811,0.786092682802173,0.132930126429338,0.386414996342224,0.695215774720003,0.547788173114117,0.147223761431432,0.607878658491142
hsa00240,0.664977383998431,0.259961854706346,0.999941424448497,0.994198676485909,0.489366328576833,0.386414996342224,0.811721931825152,0.788405503215007,0.456043420315173,0.669074772529464
hsa00260,0.00409542373834812,0.0826230475068423,4.721025718291e-28,0.828185758833758,0.303585770766139,0.386414996342224,0.538276125819928,0.28666561145228,0.155432700459004,0.203024938295207
hsa00270,0.597840364321794,0.476203846530569,1,0.996772441538355,0.933004822937931,0.187706207394192,0.928557056060433,0.999834054134191,0.536831486335678,0.994532143832266
hsa00310,0.993908614546063,0.937606326266281,1,0.999999867641667,0.997396921805571,0.531710654388753,0.994617078487533,0.999365314213542,0.9771952594304,0.980186007971332
hsa00330,0.572624192409914,0.266047257148936,0.717725571188061,0.81314225643937,0.356860844988591,0.386414996342224,0.745272218230436,0.361136619535488,0.146604568953556,0.549521285335646
hsa00380,0.734249079566027,0.518223404866103,1,0.951478320085261,0.8318710947564,0.386414996342224,0.558795638091777,0.995741363048174,0.807301226668117,0.83356640486489
hsa00480,0.107562719468125,0.169333722777992,0.297184898725283,0.998377828168031,0.379104197954251,0.386414996342224,0.872211018683367,0.265004330229168,0.565591464151122,0.268837199687585
hsa00500,0.061753157019466,0.695664956814276,1,0.998023900209043,0.542459246463495,0.386414996342224,0.974017736976712,0.999041312182591,0.174581790723909,0.683975108241724
hsa00510,0.996647677729232,0.754344654345486,1,0.998843167809207,0.886203734931003,0.809288618089165,0.875343704188647,0.953389857644323,0.688919820785024,0.914681034662262
hsa00512,0.405827118298047,0.334309985604562,0.940091740056032,0.859613327886328,0.795168903155199,0.801131597837856,0.739346199274774,0.624377544302282,0.555681069552497,0.631348755765549
hsa00513,0.994135914244031,0.747244697211891,0.999999999999998,0.998673050204177,0.88472963475557,0.799059948458289,0.86902403396282,0.938725918769696,0.692715490965185,0.89848491717553
hsa00514,0.996253313077378,0.656818760517304,0.999999999995152,0.99991121790168,0.996625094346975,0.886546456819978,0.99261401627788,0.880109682167225,0.981309127214614,0.995863890260968
hsa00520,0.110660234689965,0.0260375595031981,1.09397963482595e-37,0.715496960464654,0.28866965809361,0.386414996342224,0.712013058120909,0.00945074113547949,0.0475916863734372,0.0703385520063463
hsa00562,0.0150978070849684,0.00292833182397214,0.583936958318463,0.362411152366275,0.209184183804813,0.386414996342224,0.52582578222271,0.642006611406921,0.0531759046316439,0.0551840354103303
hsa00563,0.00474883413633212,0.102349895527566,0.494941980900867,0.694647652330183,0.171176550645716,0.513285779782666,0.667867450393416,0.261867437698011,0.0378350741862374,0.0328324842605528
hsa00564,0.851371209811167,0.0590307283204021,0.471256658874594,0.597823960128457,0.14171188308261,0.172177313535493,0.347955954634166,0.443662980989727,0.104600774002212,0.497635768526783
hsa00565,0.199035758922853,0.0764149302019038,0.724249598043752,0.673788110684666,0.216186851346019,0.174072312476531,0.532698840699082,0.637063013758173,0.121263207947009,0.486290076875237
hsa00590,0.886482622569886,0.534185336387773,1.30250042684771e-09,0.99999999858442,0.697965511967189,0.655312739172911,0.995718503628001,0.000650835071622962,0.876369192352451,0.692359266521942
hsa00600,0.840129327080894,0.322178801194025,0.986159310548391,0.997547497425831,0.624272067271108,0.486714220217334,0.981410188767578,0.772790398057886,0.806809451239463,0.802289958816023
hsa00620,0.00615970773652921,0.0318753379795404,3.11454968835643e-33,0.671220579198118,0.154925211425945,0.386414996342224,0.490094210174883,0.0534147792961969,0.0655486150004105,0.208764485785462
hsa00980,0.61181676033144,0.452492282030221,1,0.990456959056394,0.96730358160737,0.521398554339758,0.357177993070579,0.998196440901934,0.435821934979107,0.905652563530002
hsa00982,0.0837863972042704,0.319507939486249,1,0.997688345576972,0.915891459953104,0.386414996342224,0.849005148985817,0.997017688519632,0.524335467278944,0.672505364806599
hsa00983,0.567665728742549,0.1674573037973,1,0.995272102694326,0.475706619919877,0.386414996342224,0.77413630260074,0.819265838835307,0.181363253242549,0.954047682553162
hsa03008,0.0143049916449181,0.0119236347468393,1.229065782465e-11,0.143046629079224,0.0196561355294954,0.0868985078064262,0.462152643100372,0.446035205501981,8.85206188194502e-07,0.118427102810261
hsa03010,7.16243812151111e-57,6.17602833746768e-40,3.47216014115072e-209,3.7601152346545e-103,2.85701126441991e-90,2.62595849388988e-12,9.09489444365246e-29,6.30627002577791e-23,5.53154888228003e-45,2.43583403098144e-27
hsa03013,0.0547782883913428,0.308918938774032,0.967695329369443,0.999996251825783,0.723773547559111,0.705518930594032,0.995957027015311,0.498083885933945,0.660818623421467,0.181650785644736
hsa03018,0.998011783508446,0.455448727603247,1,0.999640369985489,0.997760050578205,0.978153546674004,0.991756973551644,0.985569021879231,0.999999999821367,0.995935670373948
hsa03040,0.927275156580752,0.687128143414538,0.999999999996653,0.999425323177484,0.996064227992293,0.884397699793058,0.532269538637873,0.715782119294403,0.999989617045816,0.517017402261017
hsa03050,0.113669197170268,0.000211694858668171,0.874318580314731,0.794623217019787,0.00106996387654344,0.00583106183032612,0.79096135726645,0.499520969756824,0.000277064445864158,0.0949467800907189
hsa03320,0.133118815261469,0.0432610343637603,0.27126750284397,0.664550524759998,0.225604573147055,0.293206423286233,0.0278614561172458,0.000740482100149325,2.93299643963554e-06,0.380331218602331
hsa04010,0.999983461843049,0.958424372996226,0.216371113633879,0.99999880515448,0.993566481478761,0.374433633118423,0.994765275868037,0.902651908826627,0.868881964814081,0.999536192172525
hsa04012,0.0101971893638056,0.999638245669571,0.0432615528465987,0.562862921470167,0.858857106421305,0.386414996342224,0.801655777092882,0.397214772302032,0.416817441512341,0.153183086917343
hsa04014,0.000341813521019954,0.0275386574861818,2.35161091602675e-42,4.04393213777254e-22,2.16779011001589e-14,0.0183451423457024,1.57990595926016e-12,9.91676415240726e-05,5.9240790508725e-06,3.97492227061116e-07
hsa04015,0.804251622819766,1.1584469571533e-05,1.63820087894795e-56,5.47027547610652e-26,2.20873546646298e-15,0.0117000008286898,1.84030447551745e-14,7.15411246417639e-05,5.69225092106738e-08,0.0019947622644164
hsa04020,0.522652306492631,2.80504660898027e-05,1.45582138191134e-44,1.34001789038703e-14,3.36865671062844e-12,0.0125151993329308,3.90384531455101e-10,1.48182525436613e-06,0.000845146407814309,0.00105827601517981
hsa04022,0.0248601521616129,8.18159825995623e-09,9.6694437023413e-67,1.46848916271347e-23,3.86627989129366e-18,0.0141601487400629,2.95312376493462e-12,3.58502236919335e-07,0.000780234006953174,0.000376270555785302
hsa04024,0.733990196692834,0.00129700939102043,5.10665311532128e-43,1.51332146642434e-18,3.35401232049529e-09,0.0477289782287137,9.81301627985083e-10,0.000583488693540161,0.000335619452786043,3.6746605105661e-05
hsa04060,0.00969493969128821,0.70280630500249,0.963345048454993,0.988098208823661,0.60705667973318,0.883675063366366,0.87311160311962,0.562021968849084,0.687650091756923,0.96484335759767
hsa04062,0.999999973899,0.0388328150120714,2.01847630719689e-07,0.998417749217649,0.123361497787178,0.655994044574096,0.997238069135637,0.121578934852312,0.759479152670871,0.991118306215198
hsa04064,0.997025882629703,0.999207257749042,1,0.999999999867016,0.986093172585142,0.974982231133955,0.999996534485936,0.998045446345472,0.972171780573469,0.991832208821141
hsa04066,0.999999554251106,0.00874716617208858,1.28237716909545e-08,0.999839933994388,0.00202268908586659,0.942344058579395,0.909507103485283,0.00734513306605879,0.847970908407252,0.999969298516762
hsa04068,1,0.999999999963614,1,0.999999999999995,0.999999999999976,0.819191289028886,0.999987810689591,0.999553891672558,0.897339265150967,0.999999999959509
hsa04070,0.000949168451658412,0.0571891611498942,1.84286244671125e-27,6.83381332966002e-15,5.78593207036016e-11,0.0145651815707368,7.89460185018807e-12,0.00123950161159468,6.5651293361427e-06,1.02370548774358e-07
hsa04071,0.172661121317613,0.00059438394678045,1.81522659774443e-18,0.0411418490720832,8.43049853030994e-05,0.386414996342224,0.0887451531190733,0.0625937027609462,0.152029091592748,0.712473902155433
hsa04072,0.999999999996155,0.413992992476593,0.0465214967091023,0.990532508653389,0.19383782394962,0.386414996342224,0.628628588864729,0.197959847959496,0.754421899817943,0.999834751660757
hsa04080,0.999999997398303,0.463961696332702,0.706508144489123,0.994813159153967,0.931173316957517,0.516236692855197,0.869482649767365,0.590699006964511,0.626026023682257,0.997858090552752
hsa04110,2.15127999772614e-06,0.0112457831649718,0.000416950526634715,0.00710908326270362,0.0332098088044584,0.661426105823839,5.69764629767361e-05,0.0201391818823897,1.17080451320754e-06,0.000111215911950263
hsa04114,0.00211094845162039,0.74515370817247,4.14508829743494e-53,0.0770393910486519,0.617510288811912,0.559573909610219,0.00209615762077637,1.14016155182808e-10,0.264306062627844,0.0174907752655796
hsa04120,0.0105665438547473,0.0149308187798232,0.000162772575751744,0.164811446182055,0.0258261236921547,0.173597324246182,0.238049723823424,0.189388889014705,0.168189079197091,0.0800806401104656
hsa04137,0.999999863103606,0.803508575386039,0.999999961043719,0.999987758540992,0.995563502688425,0.871675120383013,0.999993024792736,0.997914900998575,0.936376515670555,0.986299699488084
hsa04140,0.9996461699825,0.985893151369213,0.641820848851419,0.9967375268738,0.996399057113902,0.763046432573752,0.999706669294943,0.95172751402925,0.841765126062128,0.974326136668224
hsa04141,0.999885583224265,0.994764339039154,1,0.99999999996243,0.999999565067577,0.944449587260918,0.991585347073711,0.974197691625313,0.999999999826445,0.956397160254646
hsa04142,0.848055558377449,0.997485151967332,0.992573348651336,0.999999999999998,0.999589411446908,0.166109898388845,0.999999038714823,0.77206551830689,0.944751165770158,0.835041510317014
hsa04144,0.999999999999998,0.999999998731279,1,1,1,0.999789865897032,0.99999999999962,0.999450048442317,0.999999808191712,0.999999511700262
hsa04145,0.97305030833038,0.999991708579409,1,0.733698593531763,1,0.990380291032029,0.999028099358654,0.999724404982029,0.999222168413428,0.974748201648259
hsa04150,1,0.999995945317599,0.999999999984377,1,1,0.999981883522391,0.999998791274562,0.997734229834323,0.99999993627205,0.999999994999643
hsa04151,1,1,1,1,1,0.999983819478615,1,0.999956246844707,0.999999999999999,1
hsa04152,0.999999999999999,0.999983434435377,1,0.999998304668828,0.999999395819923,0.498523532646325,0.999996260854766,0.999999998647116,0.999999990791722,0.999999848438418
hsa04210,0.00374668692262196,0.98420416978028,6.75416405745636e-54,0.999887480876603,0.555024721770783,0.281226862135759,0.992917219328791,0.00351219150778634,0.343133219881297,0.0178002871461765
hsa04211,0.893600697397002,0.00154788552065774,0.999919915972847,0.945865572177397,0.00254742274902352,0.386414996342224,0.350353311492356,0.460306201425255,0.00629127627721263,0.925078613485764
hsa04213,0.998890129968054,0.958754986191106,1,0.998352807419021,0.989335037004395,0.386414996342224,0.96613672096546,0.960719760829583,0.575109106382652,0.988638606496937
hsa04215,0.511960023314943,0.371710348847626,0.999999941652107,0.995495513170833,0.796428333780183,0.50959613414555,0.978591121181519,0.825822945996806,0.258757490321872,0.769508677074341
hsa04217,0.999999455237033,0.982706882537313,1,1,0.999967198084846,0.99809908734073,0.999999882650218,0.998478960234966,0.999980838308132,0.999999465568035
hsa04218,4.88328433859644e-05,3.73868733145191e-05,1.10743706434846e-80,1.4827720366958e-33,3.8237313107809e-18,0.00320768676872262,4.81358977425762e-19,5.37328406980935e-07,4.89676616913635e-05,2.28821919410008e-11
hsa04260,0.974630634812649,0.999999929983883,1,0.999999999999999,0.999999999997387,0.855922207125047,0.99999655203013,0.999840063865819,0.99999999999951,0.260303763366889
hsa04261,1.25273996572483e-05,6.58526326942858e-07,4.97358545297611e-31,1.02396697099402e-13,8.48895385555656e-11,0.0296716888551501,5.94418418067056e-07,3.04485078004411e-05,0.000502964934161329,2.15059691750704e-07
hsa04270,0.99999999999944,0.83230887923271,4.70869651095087e-18,0.000447382608239279,0.877799760888412,0.745572603241858,4.54585601008307e-11,0.656250564137752,0.999998874830835,0.999999969833085
hsa04310,0.462595601969013,0.249783919435476,0.993645169088082,0.919300363352866,0.735740042982664,0.480075934980609,0.845180714938268,0.720647383786925,0.431937114226635,0.745813531307156
hsa04340,0.264458424782362,0.476946634689625,0.882242319409645,0.99997686671569,0.952845747779191,0.483025711491841,0.998694420589597,0.803373801700277,0.434055316296702,0.269619876263875
hsa04350,0.439169440827739,0.25905527551043,0.952584505332155,0.882276120220467,0.593573393499341,0.495570678830953,0.785961484802589,0.83071601394836,0.683827561680778,0.70474827210492
hsa04360,0.999999969664912,0.999999999917992,1,0.999999799158255,0.999999962584352,0.513285779782666,0.999980972889615,0.998653098622091,0.88958940947205,0.999910797430584
hsa04370,0.450080235348033,0.230363255381721,2.29710453912236e-11,0.747520336018851,0.0719936796490568,0.505905667187663,0.370147634445025,0.354412887839714,0.93070543638245,0.370440591578671
hsa04371,7.65684318326665e-08,6.47509145133497e-09,8.1009713506484e-92,3.77010744002138e-27,1.60992099017754e-22,0.00703269350153056,7.57517220838831e-15,8.10056130965017e-09,2.46141682523073e-09,2.13351444954365e-10
hsa04380,0.549295069063932,0.99968110952565,0.150446545249478,0.74448184524449,0.80928514413233,0.970700655766372,0.0726284747104395,0.662853282320435,0.955188599074139,0.772381228099249
hsa04390,3.27468031550047e-06,0.00261860182166677,0.419930929166925,0.0128913878801664,0.0129247053809175,0.646410614459458,0.000366078836276409,0.25836133697483,6.49799411217147e-05,0.000519761403512522
hsa04392,0.000203937641744445,0.12840000367524,0.519276707200632,0.734476395057067,0.326351844290406,0.386414996342224,0.706462646041352,0.505269180732109,0.257597099257537,0.0382006849879981
hsa04510,0.820188777206091,0.986677634422398,0.388475557706566,0.628887677426066,0.991014103052556,0.660071181330999,0.999116276047598,0.81577020445403,0.277684718703263,0.858021412067558
hsa04514,0.81811220453215,0.119807035996941,1,0.0365103769001544,0.224462333624894,0.298962342617405,0.416623905957105,0.970859901507768,0.32226503065911,0.787471268465505
hsa04520,0.999454357841688,0.154255790669362,1,0.370216768889102,0.250539635437692,0.386414996342224,0.324329549724555,0.83041280711024,0.35075541903039,0.992321531011171
hsa04530,1,1,1,1,1,0.999999910639185,1,1,1,0.999999999999997
hsa04540,0.000982620954751654,0.319174735438363,0.999999100568234,0.973969919589051,0.780824516811601,0.386414996342224,0.77478480149823,0.644693177835439,0.350090175384333,0.0290312553266369
hsa04550,0.939486747847478,0.912440090121632,0.432670042775715,0.937669498786191,0.995024928854192,0.61145898876232,0.926472533306345,0.46269018652085,0.453552854715358,0.928536463720818
hsa04611,2.67340505941931e-05,0.999985584555664,1,0.998794357325102,0.994763157385637,0.386414996342224,0.811430442609447,0.91652404323888,0.479597387175359,0.0013243664924852
hsa04612,0.999999882854391,0.999999998808523,0.999999239580805,0.998976907561778,0.999999999987659,0.973992266012648,0.99999995598011,0.991054856689214,0.999999999997123,0.999999992201347
hsa04613,0.993149069969416,0.052933688116783,1.38144204037534e-33,0.310354864986691,0.000146003381650572,0.386414996342224,0.131665975431511,0.00517959091787879,0.860689385727053,0.539653799023456
hsa04620,0.974723863532869,0.999997016495554,0.999999863000901,0.949291754194184,0.999408054917841,0.519924065019391,0.987430509901033,0.997992618798236,0.296332258036817,0.796640071907394
hsa04621,0.987636162606057,0.726866431505989,1,0.999991532617969,0.965501854205362,0.746758168198335,0.999962567997449,0.997954094789788,0.419621804138576,0.994381875208818
hsa04625,0.000142788967974353,0.0685744089145156,6.89748343351063e-36,7.25302218515669e-21,9.22631612703395e-12,0.023233945027067,6.96996772454181e-14,0.00192493652441356,1.2500200400727e-07,1.10114570722296e-06
hsa04630,0.000450853626373812,0.00678453845667154,2.98342287303704e-06,0.985293609629666,0.000107916872437404,0.765325389309194,0.872661864682677,0.129004928163001,0.338196152978437,0.0258158574351983
hsa04640,0.000191517259906951,0.0853554037140859,0.646986645269428,4.43500839095671e-08,0.332092803733731,0.897525996380667,0.945210540738017,0.563914170660674,0.121263207947009,0.1643708252577
hsa04650,0.0337579507250942,0.581277267739769,9.23332522569737e-19,0.999895580004515,0.299824568117967,0.936805508806976,0.70683421034517,0.0150126247876238,0.813383691855911,0.414142359542694
hsa04657,0.152501790785886,0.186574554090853,0.703500598977505,0.84695698942826,0.433463371352655,0.386414996342224,0.743884235428776,0.51341032353851,0.26489362716874,0.45987571754651
hsa04658,0.0419927530692189,0.0814924798706561,0.984742465100165,0.00057348002794947,0.0363300543952789,0.675523967126116,0.660781845715088,0.659337916451392,0.705217627448356,0.939892488715708
hsa04659,0.728000850626788,0.321844437195398,0.999999999987475,0.00577204954178175,0.939272148415597,0.671520492810057,0.407798665337044,0.953389857644323,0.868499552479811,0.997858090552752
hsa04660,0.871573781200026,0.999548238892782,0.930068443942266,0.781401691070899,0.924548421087782,0.54273558805789,0.985879193661003,0.836410745803187,0.444673555837049,0.742381855162421
hsa04662,0.10538879000173,0.315187740207887,2.32374827084554e-21,0.56239591125966,0.00291511165643785,0.55299610668453,0.509905789825117,0.0177540903923203,0.723817986089116,0.423402397625928
hsa04664,0.0154928116431888,0.18013872455567,2.07649252708015e-17,0.357312483882998,0.00120955948529943,0.386414996342224,0.29726493256808,0.0326533486054122,0.486394961683911,0.0862474984443164
hsa04666,0.999999393292432,0.999999999596826,0.000169589678352352,1,1,0.998825689058289,0.999999999781999,0.566277362378748,0.999973799902994,0.999137263901332
hsa04668,0.0208484345830218,0.539741854143496,3.88216653465248e-19,0.0198995504585639,0.677984027423,0.378649188626672,0.558795638091777,0.0874146487535394,0.955610961348756,0.228693609667206
hsa04670,0.0108117016221026,0.501860171523518,0.383171403541778,0.749975017590719,0.16622217822333,0.386414996342224,0.834672012410839,0.40557238746579,0.801849672064209,0.481093120706894
hsa04672,0.000591417296288163,0.0950573464546883,0.701441937152462,4.63885634696569e-07,0.360655582503403,0.886190322497953,0.949050705911787,0.579934600644121,0.134004890828255,0.212872890543844
hsa04710,0.44945566342857,0.426753388161541,0.658400796596798,0.936718408756104,0.88705739683948,0.386414996342224,0.690664010930103,0.324524172401221,0.389028786611474,0.827883611836754
hsa04713,6.2345750599403e-10,1.68462573548801e-10,5.21986472476413e-54,6.35719511367645e-26,3.06163995182595e-16,0.0101069289916488,6.95859581160138e-13,4.65400185097128e-08,1.15539877356253e-06,4.38071366983251e-11
hsa04714,0.00700327172959828,0.999999915990931,1,1,0.999999999999999,0.72188591724387,0.999999946434944,0.999997589843243,0.999999999999595,0.0676631688985647
hsa04720,2.01737642094155e-14,2.01520998695627e-15,3.60461587995382e-130,6.28041614709973e-44,5.19164869378503e-32,0.00317190331516686,3.20459458500843e-19,1.14908314206559e-10,2.4881076922739e-12,2.25199917422604e-11
hsa04722,3.89736002249657e-06,0.0456233936106124,1.24551040220027e-66,1.42077812733397e-25,3.5716069703321e-13,0.00879427444363099,3.21268813124165e-15,5.63199053635096e-05,5.176065817371e-05,4.22660383858986e-09
hsa04723,0.00211620831427778,0.00962347119244366,0.00119004045844998,0.660653483752317,0.0327892722652489,0.294481069405968,0.414097909892375,0.389825069480617,0.000777831586571568,0.116326311409343
hsa04724,0.124172768610277,0.186574554090853,1.03803298964825e-05,0.805568654870599,0.47191663128087,0.386414996342224,0.700112960931638,0.00923960366974564,0.246709640893036,0.316446642345387
hsa04725,0.00881123574219115,0.000104133600872076,7.88054940271913e-18,0.062694977264897,0.00180263947964195,0.386414996342224,0.516793537615835,0.111467211006952,0.935814923838369,0.277508879474694
hsa04726,0.0204558679258528,0.085501064900953,1.08383553700259e-10,0.284302043324425,0.112335649704275,0.386414996342224,0.515071990059267,0.165672674773532,0.155861659705434,0.128584969880772
hsa04727,0.0365090854688957,0.186574554090853,5.31406767721363e-05,0.560527007444925,0.466867325230721,0.255021268125616,0.707576683937047,0.0137418285092892,0.163494674799008,0.462699437879499
hsa04728,4.01541775317435e-10,3.56319498806465e-10,1.37302865637119e-87,6.44578947363087e-29,1.5560708809301e-17,0.00589270212479659,5.73291289189799e-14,8.18360725940638e-08,3.41010516721773e-12,8.5784331017377e-13
hsa04740,1.22531490708951e-06,1.22527832756717e-06,8.24379052504595e-40,5.73422953529529e-17,2.14063241727502e-11,0.0191939369432345,2.98981645897405e-09,5.74376421807621e-05,2.46241159676311e-06,2.78818168202249e-07
hsa04744,1.01015376360831e-07,8.9220855602129e-09,5.28487014515148e-47,1.77930169920121e-18,1.95640798378492e-13,0.0195426832919145,5.55299996301467e-10,4.19883873575319e-06,1.00719078322422e-06,7.52801276272771e-08
hsa04750,9.22672262697043e-05,0.0878570254073653,6.82656202297357e-33,1.72365062419227e-14,3.83213354005597e-11,0.0173689922004404,1.44646487463278e-11,0.000743554925395525,1.14758906296873e-05,1.06942436071452e-06
hsa04810,0.999999999999999,0.999999999999415,0.123484408550061,1,1,0.996701260355062,0.999999966785094,0.933003145242506,0.999693953140152,0.999999988931479
hsa04910,0.999996393698604,0.891529458317426,1,0.501654966971753,0.447986438907062,0.0195426832919145,0.445468127091571,0.944194663964552,6.59338274259848e-05,0.997413196955384
hsa04911,0.0616570810280089,0.136185809638208,0.719330139778205,0.742955467202103,0.169728551418899,0.386414996342224,0.567726820209217,0.410701357755081,0.0030932695820516,0.24478128378113
hsa04912,1.41980163839225e-12,1.00196187219056e-13,8.15205935761465e-104,5.51680458239307e-36,3.68890193223704e-27,0.00502622383282863,1.1577323517817e-16,2.5289480871879e-09,6.21004838375499e-11,1.84682569088464e-10
hsa04913,0.999994441144234,0.152270712497519,1,0.891922207139443,0.506836406661819,0.386414996342224,0.332524652945633,0.88623670521912,0.393855328889356,0.999937343177885
hsa04914,0.00270629792922241,1.7308967318261e-06,6.96512277251102e-48,0.0406737803214389,0.000212105836183705,0.386414996342224,0.0109480682274216,0.0306884753624892,0.253557113349381,0.0594038135858551
hsa04915,4.87569002156431e-06,4.44200586006369e-06,8.38981282537935e-83,2.2206055049247e-31,1.72511323415195e-17,0.0256741662816303,1.37474474007363e-14,9.57570208357451e-07,4.23274739494894e-07,6.74455913398139e-09
hsa04916,7.37262832484943e-05,5.03692182083904e-10,1.41033512926992e-72,1.76147230280986e-24,1.09610028093496e-18,0.0178513767896792,6.26675247090358e-12,2.21880658579929e-07,1.30870049511274e-05,1.14040480182942e-06
hsa04917,0.621755974153385,1.07050710728625e-05,9.98908843797855e-24,0.410912312397027,0.0149047582619865,0.655994044574096,0.0175822294469652,0.0338090772677508,0.33590161206599,0.941293409258715
hsa04918,0.0564607375455703,0.131754979953373,0.68361672699395,0.735640932566947,0.161827694077897,0.386414996342224,0.537847356899628,0.374711690039436,0.0017758519286833,0.200689250252019
hsa04919,0.999415100813784,0.999999999998486,1,0.999999999974922,0.999999999954449,0.557383042763399,0.992810217210693,0.999859531561061,0.994110700813265,0.955735992169211
hsa04920,0.999124075590474,0.57763095651487,0.999999999999407,0.9954484491028,0.999856484941016,0.69717209633141,0.669042656710245,0.976352046752091,0.212701556853957,0.999318949738717
hsa04921,0.99999999970233,0.729958899461092,3.86269492115583e-39,2.60451608863512e-09,0.111249013929698,0.704880649924901,2.83109583737771e-14,0.158600667446915,0.999849650667981,0.999996864108688
hsa04922,0.063306317894231,2.77185892621801e-05,0.164660142507731,5.40524503384837e-05,6.45199487313805e-06,0.0304281621423108,0.456154106117598,0.383849988521801,0.359444584199322,0.0184333457112718
hsa04923,0.000248777818697159,0.85823840460703,0.059861132568112,0.623049753511005,0.951964717285066,0.386414996342224,0.908977829773806,0.560601883820001,0.196903230938391,0.0104422623743574
hsa04925,2.03203951131203e-09,3.31976765562648e-10,3.10366466736211e-74,2.72430694070489e-24,4.31115324612432e-19,0.00990951554692166,3.76171117768252e-12,6.70514439173447e-09,5.58275398910412e-11,6.07779485339514e-09
hsa04926,0.112911544483763,0.976294613397059,0.0736187758445239,0.999253126701739,0.999293436706046,0.485976417425022,0.995745613686507,0.782094789815837,0.948171451060435,0.143582680141161
hsa04927,0.0557474397220332,0.135778843099083,0.481196954604717,0.706790578175053,0.164801335509206,0.386414996342224,0.449310930653942,0.403246329512546,0.00297709350224436,0.178539687165307
hsa04928,0.113062785905422,0.290768834187246,9.46472370608067e-14,0.9704548914017,0.778001226008269,0.500738234940797,0.998822846625861,0.507664014263062,0.98580941270355,0.253047927040929
hsa04929,0.148263393119353,0.944293213432146,0.140582124576425,0.997862085679244,0.994265095671869,0.361878554872475,0.999154438971356,0.768787508716727,0.217423176761879,0.355765708880561
hsa04930,0.91645626845477,0.00263373536867146,0.999993424699574,0.909190130995157,0.0252596010709894,0.386414996342224,0.432697727640786,0.517718294252936,0.329054884807553,0.960805115383588
hsa04931,1,0.999999506089102,1,0.999999999551095,0.999999999999995,0.690680287522543,0.99998510920988,0.999995484815094,0.990612215523511,0.9999999998462
hsa04932,7.88084769453101e-05,0.999983298906676,1,0.999999999999873,0.999988100560408,0.411414337377129,0.995704890767341,0.99868980855674,0.999999973956896,0.0278737367197198
hsa04933,0.0218990630720957,0.970577969281094,0.861879326100241,0.54059470970605,0.295207738027566,0.205121997852028,0.842075487431007,0.504790188474122,0.192698773331884,0.0234237838794115
hsa04934,0.390301253406497,0.199866762157083,1.11853918538297e-08,0.517489809013097,0.485823077300866,0.518449303024473,0.928997781149806,0.542076357647937,0.921413245960669,0.570555470025677
hsa04935,0.996100731671762,0.999999803344624,0.999981463682939,0.999810285057663,0.999999613079801,0.605773430777371,0.998708276492871,0.941299859703426,0.997763679709983,0.74352841421401
hsa04940,0.00014366404114511,0.851432414606411,0.656653857452393,3.2207710485498e-07,0.552013561092938,0.71627086304649,0.810846630004045,0.56580491073422,0.0903920615987631,0.147100037723258
hsa04970,1.01133511312445e-09,3.19561452189108e-13,7.7789237767567e-79,2.07756587221577e-20,1.38622857663895e-20,0.012756963329694,1.59108385121073e-11,1.98439110183759e-08,3.14922003022353e-10,4.83572626138766e-10
hsa04971,6.70300908446607e-15,4.06984080983326e-15,3.03210950116301e-121,2.26490380738019e-51,3.73250690731052e-32,0.00109730967233808,8.56930722981368e-26,5.55068436173594e-12,1.12094066699347e-13,3.5249822469013e-15
hsa04972,0.124496415472271,0.121869122149292,0.927808216440526,0.766615975419244,0.317704194221741,0.386414996342224,0.847482986555597,0.532060446389217,0.300067141673077,0.395313106260946
hsa04973,0.595090541122427,0.999993839195911,1,0.986403151119034,0.999976597110176,0.386414996342224,0.998656804604195,0.997611991566781,0.0618520589446077,0.472596340389726
hsa04974,0.188207022119603,0.303030942495993,2.58246593057735e-21,0.978505972857123,0.919268818255716,0.513285779782666,0.875121737070912,0.01115555693983,0.809504734862374,0.268446289732811
hsa04976,0.104814480529355,0.136797823260284,8.13431220897783e-19,0.222110976688342,0.144580115900347,0.386414996342224,0.784068734474611,0.0599762978591103,0.129217500527495,0.206727928615617
hsa04978,0.137928096944524,0.186574554090853,0.907668114732287,0.835041510317014,0.443220221561474,0.386414996342224,0.828425282505033,0.532060446389217,0.296332258036817,0.278701888289006
hsa05010,0.929963574893278,0.451753575495579,0.261895823903572,1.36476225303963e-13,7.74017220284088e-06,0.0587319847072479,7.57517220838831e-15,0.272530191768133,0.99891620576424,0.0618230134369918
hsa05012,0.953433155291611,0.366784207747589,1,6.08465074724509e-10,2.59962711054077e-06,0.0521108107038031,2.06532422181698e-12,0.95172751402925,0.999999999999985,0.325784762870497
hsa05014,1,1,1,1,1,0.899169274867705,0.999999999998408,0.999999999999758,1,0.999992123627497
hsa05016,1,1,1,1,1,0.874370886228581,0.999999999998333,0.999999999993446,1,0.999999379215311
hsa05017,0.0109930942415003,3.00033405118658e-05,0.0181829192061947,0.69527044476786,4.04769133434642e-06,0.0622814841797596,0.57746887190406,0.210553211829945,0.00186465001883413,0.126604931548132
hsa05020,1,1,1,1,1,0.999868445163126,0.999999999999987,0.999999999988886,1,0.999999956370159
hsa05022,0.63250738929393,0.213441458242867,0.020967069576013,3.74922038760716e-16,3.21719928304589e-09,0.0471798523935718,7.20119308928467e-15,0.115624283454966,0.999983803738269,0.00175416208151765
hsa05031,4.91043867337501e-13,4.28345836883355e-13,1.15953904779632e-74,3.96664202939386e-31,4.1478978274191e-26,0.00432185516730187,1.79141088993696e-15,3.41963269635074e-09,1.18838766942703e-12,2.21590848764341e-10
hsa05032,0.264975038909387,0.52750880259846,0.891512006498405,0.999998859595198,0.973519002672725,0.359108064766993,0.999880176850805,0.825514173425129,0.379427592716589,0.433637337602521
hsa05034,7.36943796316455e-09,2.44062737088733e-11,1.03155976006037e-91,2.29878545151686e-31,7.80342750816735e-22,0.0035860074963499,3.65770099094097e-13,1.42410756936787e-09,0.00447633597274371,3.2445596297282e-08
hsa05100,0.999997832375842,0.999983162325155,0.99999536761206,1,0.999999999999591,0.993886981279841,0.999999992698805,0.96655006262974,0.999021802741218,0.991911246641115
hsa05120,0.998559860389787,0.883696559893305,0.999999999982133,0.999999949623059,0.999999988556022,0.998007517265407,0.997615887799884,0.9736891316759,0.970405553671685,0.985447367268649
hsa05130,1,1,1,1,1,0.999486009108434,0.999999999808834,0.999970617143242,0.999999308280533,0.999994149337476
hsa05131,1,1,1,1,1,0.999525050551353,0.999999999999441,0.999999497505273,0.999999384910349,0.999998634383766
hsa05132,0.999988278884964,0.999999998469124,0.996704710437407,1,1,0.989893071008351,0.999999982347149,0.997751221931914,0.999928579550571,0.942395586307044
hsa05133,0.999993242611808,0.999999911646863,1,1,1,0.979378623635026,1,0.999999999077859,0.999993776054227,0.999999998461807
hsa05134,0.927493096504382,0.546029813999226,0.999999993394875,0.998736270120393,0.915104807257795,0.288133599515527,0.882301453840713,0.927539995888079,0.982660597278877,0.852080128630789
hsa05135,0.999999999999999,1,0.999999999898117,1,1,0.998962218537129,0.999999999999907,0.999802510682183,0.998715486034268,0.999999266570678
hsa05140,0.00499403882997356,0.109690631506796,0.996221967049377,0.000311677082190452,0.206457155130516,0.981571442461325,0.847482986555597,0.711287007653837,0.830453889796346,0.845693244367426
hsa05142,0.856253351654737,0.999244473569342,0.999999999999271,0.99999997553349,0.992456927758216,0.939956028190255,0.999776893325706,0.930473300489686,0.783631270025862,0.955957273600197
hsa05145,0.91288561314368,0.629699305579539,1,0.148605398297709,0.999316375182633,0.640200000357092,0.787844543061645,0.997359258757805,0.94544911925683,0.999101763069156
hsa05146,0.154744738507845,0.951631286274933,0.999999996220726,0.687550280705076,0.982341208050542,0.386414996342224,0.960510620766379,0.83492433151519,0.334593179896882,0.297711101341214
hsa05150,0.804251622819766,0.122057813392661,0.67539358661189,1.0357810908588e-10,0.224272279951316,0.615707614215386,0.457438713115852,0.553964794498019,0.0893727100623908,0.584009273469308
hsa05152,0.99783591528551,0.98596001196478,6.3808463120971e-47,0.429444529974323,0.743363964531989,0.881854466784294,0.999994189735632,0.0167295731669251,0.999999566903421,0.995064332975742
hsa05160,0.996288427166254,0.999994899081707,0.182114904568117,0.999999937775651,0.999999999369428,0.995583248874471,0.994797711472048,0.451260786050391,0.986905359205899,0.999930352135049
hsa05161,0.552105215277595,0.994491279766036,0.474883908772365,0.978748796946805,0.999993622476574,0.892821414458275,0.549407059347777,0.410701357755081,0.897820162355512,0.979019196791934
hsa05162,0.00448327278073539,0.993906934473253,0.975237442941503,0.562629427272106,0.682974378114575,0.298962342617404,0.926019858322273,0.669841260404703,0.133230826439658,0.0147284694309581
hsa05163,0.000390041916404672,0.000317800419516084,4.88779805705125e-75,1.36575881981932e-34,7.96587950924316e-14,0.0221377315403434,3.11256324334225e-19,1.40575682818053e-05,1.12020531233541e-06,4.54178165233164e-07
hsa05164,0.979505159363654,0.580184092364771,0.999343026195237,0.0310076121443341,0.305363007854071,0.718148569174613,0.797722678481608,0.948767753610383,0.988398315029262,0.99956481224418
hsa05165,0.999999998641513,0.999999987610298,0.999999539782143,0.999999999979538,1,0.999850313014506,0.999997010158419,0.994017449610908,0.999995360407987,0.999979744376851
hsa05166,0.643744344484351,0.999806189903013,1,0.00277283365762203,0.999989873236988,0.404230044760739,0.738995413215708,0.999972078393093,0.999999992869983,0.987069170029167
hsa05167,2.81879862115485e-11,0.054873429385704,1.21452321767585e-07,8.94571456873883e-28,3.86463752922316e-11,0.0222355497651179,1.40461442214205e-11,0.00586146949838201,0.000311143182892596,2.26578264909588e-08
hsa05168,0.999999998628358,0.999999999999457,1,0.999914312540742,0.999999999999927,0.846483112219031,0.999999103396239,0.999999013522091,0.999999997107053,0.999999959139533
hsa05169,0.181471285467057,0.150738538924927,0.637074979126654,2.02037642827378e-05,0.80017881619785,0.434592866501132,0.0999945755932321,0.929505866919321,0.962090942780877,0.960502782083139
hsa05170,1.97470701413946e-09,0.0122163679258159,1.01649771723927e-95,1.42938730106646e-39,2.15925958939595e-20,0.0077117210660799,8.51720350140998e-22,9.13003488726098e-07,2.84668048219996e-09,1.08852099847903e-12
hsa05171,3.57248257587858e-54,6.67798457045265e-39,2.01811722806558e-208,2.98972580290889e-100,7.10438640849378e-88,4.18757941752363e-12,6.76862496213415e-28,2.41886378923444e-22,5.88413825825862e-44,1.18888702398916e-26
hsa05200,0.00489239646364969,0.0181484303437958,1.37489412648791e-68,1.05621729370448e-13,1.28143019555681e-08,0.729287302470373,3.03928138168178e-11,2.80645741750367e-05,2.06463763002249e-06,0.000138254642094656
hsa05202,0.998113819637839,0.981261544771152,1,0.243294031648337,0.987594554084051,0.740801414311348,0.015410973129225,0.991646584203495,0.324521876463145,0.999907365618953
hsa05203,6.02035641838103e-06,0.000101481588672838,2.98081455250225e-11,0.0186215614911887,0.0015335981374747,0.857595435214245,3.31064272322306e-06,0.0124096492172233,4.11771523093049e-07,0.000969412592135114
hsa05204,0.615138336211424,0.453231153043356,1,0.993574177529524,0.972969328699172,0.515499041633973,0.332524652945633,0.999137678813594,0.464951725335922,0.88779564213238
hsa05205,0.998767386519824,0.05425490197167,1.36332057072561e-06,0.690481362226778,0.101806693707725,0.654630929661347,0.62740351044964,0.37607809892388,0.745003865860433,0.997552013885658
hsa05206,0.987534638250845,0.546768846956644,1.5757606690363e-06,0.926740802060053,0.919837364969118,0.82113244571554,0.172952404570224,0.324956198478676,0.910772210756607,0.975370387745753
hsa05207,0.622355842984631,0.00041967732881443,0.999999999999734,0.289752615607152,0.37862130251146,0.525083452537693,0.0110418338798818,0.816408884742442,0.99934632376367,0.994550674019293
hsa05208,0.999999999994911,0.999999999999882,1,0.999830570124176,0.999999999999994,0.97032831114485,0.99979518378327,0.99999989600304,1,0.999999991528902
hsa05210,0.12049309900341,0.809901761379191,4.35230030860547e-05,0.0418256493172698,0.707851849668587,0.64572243194696,0.364454223380227,0.543505173245519,0.216895582950423,0.222640641718781
hsa05211,0.00251531616494548,5.68200413744321e-08,2.23154358162922e-57,0.000592907983390086,1.1369635584349e-07,0.539798465906697,0.0255293982035753,0.000540702240388038,0.0618520589446077,0.151229746310421
hsa05212,0.919209075520325,0.843294862716637,0.00337101000490153,0.590470160062453,0.988916518021669,0.746758168198335,0.629852365554975,0.5,0.410523288979664,0.955735992169211
hsa05213,0.0011216199540625,7.79397053722171e-05,5.20523055129832e-41,0.0226159528370655,7.17916672881267e-05,0.519186716846931,0.0331389900230703,0.0119911726609568,0.163716269681637,0.0573314282293245
hsa05214,1.56807331354491e-06,0.0196540606934681,2.41121927509595e-68,4.08904489163621e-25,8.71657965744153e-17,0.00740311340428342,9.84994583712654e-16,3.02940627033309e-05,4.46885141030429e-08,1.14528952207764e-08
hsa05215,0.476090700150089,0.967654799037109,2.11905348796565e-05,0.400800964591202,0.974097542680998,0.522135690452162,0.950833862568676,0.469372206078193,0.998673040591392,0.501418544198087
hsa05217,0.226274058705767,0.186574554090853,0.837491567114217,0.875110097978829,0.433463371352655,0.386414996342224,0.777046223361658,0.532060446389217,0.279795191691527,0.500945697239179
hsa05218,0.000100719406446663,6.89576703126926e-08,1.46975385095143e-53,0.00420167942160824,5.40590675847693e-08,0.386414996342224,0.00371942803523872,0.00253499482244079,0.0463587634675712,0.0269018966543468
hsa05219,0.0749319122245263,0.386255458328096,3.44793365890891e-11,0.473539882528247,0.582209887550373,0.633255704444573,0.634734226821368,0.137530271008704,0.217159287292934,0.710044573174464
hsa05220,0.436681714560919,0.914060834625002,0.997078596155577,0.177458778545499,0.870314615885787,0.386414996342224,0.956685590770711,0.659337916451392,0.0765015737751878,0.140386672113672
hsa05221,0.999675501707451,0.999475415503348,0.832177300626008,0.765162105599441,0.998068881782626,0.673524728430382,0.110816008086907,0.754661074835558,0.301316818084722,0.997944437434975
hsa05222,0.869911213470493,0.966973665310166,1,0.999867663711973,0.996644413164076,0.531710654388753,0.999240491972437,0.972266365505317,0.343463323258111,0.929180990686541
hsa05223,0.886482622569886,0.0686977375110729,3.31387435673962e-11,0.967941912982944,0.275590066534967,0.772088992429185,0.353157775728781,0.117743627777106,0.779395740247061,0.96699334960654
hsa05224,0.0125163940855392,2.88395432171713e-05,6.56425473612986e-32,0.0344727595118183,6.78502389483431e-05,0.715643632436349,0.0724794646320988,0.00795206712915262,0.139310614272947,0.207744733060377
hsa05225,0.851188285705189,0.985656974151868,1.11019036046103e-05,0.973098103345653,0.937652705818209,0.669511309696642,0.883363274691147,0.32193698944657,0.62942184613222,0.563563272378571
hsa05226,0.147716425219657,0.916090998325141,0.00130090732237894,0.775055840523947,0.865701538634268,0.386414996342224,0.890606081378393,0.311250838710857,0.169319451841374,0.336097767986086
hsa05230,0.146083638276534,0.915514661982098,2.7432193221264e-05,0.524808564650187,0.820303199968989,0.386414996342224,0.911774236241558,0.276533354513801,0.219806498891313,0.218773179229516
hsa05231,0.953663329095144,0.0130380536537082,3.0878805763244e-15,0.0229040241304343,3.227905376521e-06,0.386414996342224,0.114533502227909,0.349510691093888,0.895399225997788,0.208764485785462
hsa05235,0.999999687983855,0.999723063809083,1,0.999999999999996,0.999999934787584,0.991968404285205,0.999997100447554,0.998502528890658,0.990406524632299,0.999997467213701
hsa05310,0.000834510136268131,0.0944281303944179,0.711263531058251,4.63885634696569e-07,0.353080218796078,0.89451918548207,0.948483031665297,0.58134223253734,0.188065149975255,0.227618771900751
hsa05320,0.00015981495546829,0.847069487665878,0.665065739550396,4.07264641857762e-07,0.562538373467706,0.719397037499728,0.814909938944062,0.562495154014439,0.0962297620263618,0.150674705754164
hsa05321,0.78725662493585,0.0521334015266849,0.999999999881709,0.0333132728107348,0.941528342751122,0.908017574817769,0.725847894847034,0.912203121939748,0.912925085405646,0.996458361811523
hsa05322,0.000402475136710187,0.0931789213687813,0.632755751051616,9.94758822477005e-08,0.328413944212102,0.695878620472581,0.82315269804204,0.557759390867165,0.115571641810392,0.170308591405375
hsa05323,0.0258872865320373,4.74887012481461e-08,1.15761551993969e-13,2.57938113931778e-23,2.25435213887342e-12,0.26160140612986,0.246142919931056,0.0128009997530345,0.00018357502453221,0.842575118268554
hsa05330,0.000164234589743426,0.84662856956297,0.665642887842551,3.89126978691617e-07,0.554021345496459,0.729899616333361,0.816634632447759,0.56580491073422,0.0965364330217925,0.150121023398825
hsa05332,0.00016573304139697,0.852724903107746,0.668235196017735,4.02349858679943e-07,0.554021345496459,0.724363979831312,0.816634632447759,0.567221980981374,0.095466218619429,0.154870628831793
hsa05410,0.0311797152844664,0.186574554090853,0.842980939472424,0.788158610611781,0.439713481802206,0.386414996342224,0.683012586587045,0.42053483824223,0.279795191691527,0.0447092587439716
hsa05412,0.0730526933698007,0.186574554090853,0.649192357381127,0.654775678079535,0.476464892513599,0.386414996342224,0.474604060657298,0.51149513749933,0.279795191691527,0.358861606917875
hsa05414,0.0339358936127312,0.186574554090853,0.839335070192878,0.782274834621777,0.4661103690073,0.386414996342224,0.682243049419026,0.426176736213449,0.279795191691527,0.049121357495743
hsa05415,0.00197828718127019,0.999999722072301,1,0.999999999999927,0.999999999997479,0.655994044574096,0.999889445747089,0.999998214441155,0.999999999999823,0.120316864604821
hsa05416,2.08044146304392e-08,0.11685175307804,0.218001420768994,1.26241038747191e-14,0.225223461624407,0.632558826052595,0.309335989069897,0.327553283478545,0.0696540339377775,0.0849496562355161
hsa05417,0.00677586255285973,0.000273130966195419,8.61337834189088e-56,3.09910162225373e-25,8.09499669255619e-12,0.0434763982862547,3.82016374694735e-16,1.36904026033602e-05,9.01863275930323e-09,3.03948993625626e-05
hsa05418,1.32928419551575e-07,0.0074287528722736,1.26811388749761e-14,1.01848004103069e-27,2.7270122391248e-13,0.0364771328191055,1.34484303623603e-17,0.0116579396496551,5.68763212879343e-09,4.65924453610592e-10
